{
 "__unsaved": 1,
 "creation": "2022-09-09 23:04:19.809956",
 "docstatus": 0,
 "doctype": "Web Template",
 "fields": [
  {
   "__unsaved": 1,
   "fieldname": "title",
   "fieldtype": "Data",
   "label": "Title",
   "reqd": 0
  },
  {
   "__unsaved": 1,
   "fieldname": "description",
   "fieldtype": "Data",
   "label": "Description",
   "reqd": 0
  },
  {
   "__unsaved": 1,
   "fieldname": "plan_name_0",
   "fieldtype": "Data",
   "label": "Plan Name",
   "reqd": 0
  },
  {
   "__unsaved": 1,
   "fieldname": "plan_cost_0",
   "fieldtype": "Data",
   "label": "Plan Cost",
   "reqd": 0
  },
  {
   "__unsaved": 1,
   "fieldname": "plan_validity_0",
   "fieldtype": "Data",
   "label": "Plan Validity",
   "reqd": 0
  },
  {
   "__unsaved": 1,
   "fieldname": "plan_description_0",
   "fieldtype": "Data",
   "label": "Plan Description",
   "reqd": 0
  },
  {
   "__unsaved": 1,
   "fieldname": "plan_features_0",
   "fieldtype": "Small Text",
   "label": "Plan Features",
   "reqd": 0
  },
  {
   "__unsaved": 1,
   "fieldname": "button_label_0",
   "fieldtype": "Data",
   "label": "Button Label",
   "reqd": 0
  },
  {
   "__unsaved": 1,
   "fieldname": "button_action_0",
   "fieldtype": "Data",
   "label": "Button Action",
   "reqd": 0
  },
  {
   "__unsaved": 1,
   "fieldname": "is_featured_0",
   "fieldtype": "Check",
   "label": "Is Featured",
   "reqd": 0
  }
 ],
 "idx": 0,
 "modified": "2022-09-10 02:45:45.046542",
 "modified_by": "Administrator",
 "module": "Dcode",
 "name": "DCode Pricing Table 1",
 "owner": "Administrator",
 "standard": 1,
 "template": "",
 "type": "Component"
}