{
 "__unsaved": 1,
 "creation": "2022-09-09 19:36:13.361742",
 "docstatus": 0,
 "doctype": "Web Template",
 "fields": [
  {
   "__unsaved": 1,
   "fieldname": "image",
   "fieldtype": "Attach Image",
   "label": "Image",
   "reqd": 0
  },
  {
   "__islocal": 1,
   "__unsaved": 1,
   "fieldname": "title_1",
   "fieldtype": "Data",
   "label": "Title 1",
   "reqd": 0
  },
  {
   "__islocal": 1,
   "__unsaved": 1,
   "fieldname": "title_2",
   "fieldtype": "Data",
   "label": "Title 2",
   "reqd": 0
  },
  {
   "__unsaved": 1,
   "fieldname": "description",
   "fieldtype": "Small Text",
   "label": "Description",
   "reqd": 0
  },
  {
   "__unsaved": 1,
   "fieldname": "get_start_url",
   "fieldtype": "Data",
   "label": "Get Start",
   "reqd": 0
  },
  {
   "__unsaved": 1,
   "fieldname": "watch_video_url",
   "fieldtype": "Data",
   "label": "Watch Video",
   "reqd": 0
  }
 ],
 "idx": 0,
 "modified": "2022-09-10 00:40:58.463688",
 "modified_by": "Administrator",
 "module": "Dcode",
 "name": "DCode Home",
 "owner": "Administrator",
 "standard": 1,
 "template": "",
 "type": "Component"
}