{
 "__unsaved": 1,
 "creation": "2022-09-09 20:09:54.330620",
 "docstatus": 0,
 "doctype": "Web Template",
 "fields": [
  {
   "__unsaved": 1,
   "fieldname": "title",
   "fieldtype": "Data",
   "label": "Title",
   "reqd": 0
  },
  {
   "__unsaved": 1,
   "fieldname": "description",
   "fieldtype": "Data",
   "label": "Description",
   "reqd": 0
  },
  {
   "__unsaved": 1,
   "fieldname": "title_1",
   "fieldtype": "Data",
   "label": "Title",
   "reqd": 0
  },
  {
   "__unsaved": 1,
   "fieldname": "description_1",
   "fieldtype": "Data",
   "label": "Description",
   "reqd": 0
  },
  {
   "__unsaved": 1,
   "fieldname": "title_2",
   "fieldtype": "Data",
   "label": "Title",
   "reqd": 0
  },
  {
   "__unsaved": 1,
   "fieldname": "description_2",
   "fieldtype": "Data",
   "label": "Description",
   "reqd": 0
  },
  {
   "__unsaved": 1,
   "fieldname": "title_3",
   "fieldtype": "Data",
   "label": "Title",
   "reqd": 0
  },
  {
   "__unsaved": 1,
   "fieldname": "description_3",
   "fieldtype": "Data",
   "label": "Description",
   "reqd": 0
  },
  {
   "__unsaved": 1,
   "fieldname": "title_4",
   "fieldtype": "Data",
   "label": "Title",
   "reqd": 0
  },
  {
   "__unsaved": 1,
   "fieldname": "description_4",
   "fieldtype": "Data",
   "label": "Description",
   "reqd": 0
  },
  {
   "__unsaved": 1,
   "fieldname": "title_5",
   "fieldtype": "Data",
   "label": "Title",
   "reqd": 0
  },
  {
   "__unsaved": 1,
   "fieldname": "description_5",
   "fieldtype": "Data",
   "label": "Description",
   "reqd": 0
  },
  {
   "__unsaved": 1,
   "fieldname": "title_6",
   "fieldtype": "Data",
   "label": "Title",
   "reqd": 0
  },
  {
   "__unsaved": 1,
   "fieldname": "description_7",
   "fieldtype": "Data",
   "label": "Description",
   "reqd": 0
  }
 ],
 "idx": 0,
 "modified": "2022-09-10 01:38:26.698635",
 "modified_by": "Administrator",
 "module": "Dcode",
 "name": "DCode Benefits Section 1",
 "owner": "Administrator",
 "standard": 1,
 "template": "",
 "type": "Component"
}