{
 "__unsaved": 1,
 "creation": "2022-09-09 20:07:28.506929",
 "docstatus": 0,
 "doctype": "Web Template",
 "fields": [
  {
   "__unsaved": 1,
   "fieldname": "title",
   "fieldtype": "Data",
   "label": "Title",
   "reqd": 0
  },
  {
   "__unsaved": 1,
   "fieldname": "description_1",
   "fieldtype": "Data",
   "label": "Description",
   "reqd": 0
  },
  {
   "__unsaved": 1,
   "fieldname": "description_2",
   "fieldtype": "Data",
   "label": "Description 2",
   "reqd": 0
  },
  {
   "__unsaved": 1,
   "fieldname": "action_button_text",
   "fieldtype": "Data",
   "label": "Primary Action Label",
   "reqd": 0
  },
  {
   "__unsaved": 1,
   "fieldname": "action_button_url",
   "fieldtype": "Data",
   "label": "Primary Action",
   "reqd": 0
  },
  {
   "__unsaved": 1,
   "fieldname": "card_1_title",
   "fieldtype": "Data",
   "label": "Title",
   "reqd": 0
  },
  {
   "__unsaved": 1,
   "fieldname": "card_1_image",
   "fieldtype": "Attach Image",
   "label": "Image",
   "reqd": 0
  },
  {
   "__unsaved": 1,
   "fieldname": "card_1_image_hover",
   "fieldtype": "Attach Image",
   "label": "Image Hover",
   "reqd": 0
  },
  {
   "__unsaved": 1,
   "fieldname": "card_1_description",
   "fieldtype": "Data",
   "label": "Description",
   "reqd": 0
  },
  {
   "__unsaved": 1,
   "fieldname": "card_2_title",
   "fieldtype": "Data",
   "label": "Title",
   "reqd": 0
  },
  {
   "__unsaved": 1,
   "fieldname": "card_2_image",
   "fieldtype": "Attach Image",
   "label": "Image",
   "reqd": 0
  },
  {
   "__unsaved": 1,
   "fieldname": "card_2_image_hover",
   "fieldtype": "Attach Image",
   "label": "Image Hover",
   "reqd": 0
  },
  {
   "__unsaved": 1,
   "fieldname": "card_2_description",
   "fieldtype": "Data",
   "label": "Description",
   "reqd": 0
  },
  {
   "__unsaved": 1,
   "fieldname": "card_3_title",
   "fieldtype": "Data",
   "label": "Title",
   "reqd": 0
  },
  {
   "__unsaved": 1,
   "fieldname": "card_3_image",
   "fieldtype": "Attach Image",
   "label": "Image",
   "reqd": 0
  },
  {
   "__unsaved": 1,
   "fieldname": "card_3_image_hover",
   "fieldtype": "Attach Image",
   "label": "Image Hover",
   "reqd": 0
  },
  {
   "__unsaved": 1,
   "fieldname": "card_3_description",
   "fieldtype": "Data",
   "label": "Description",
   "reqd": 0
  },
  {
   "__unsaved": 1,
   "fieldname": "card_0_title",
   "fieldtype": "Data",
   "label": "Title",
   "reqd": 0
  },
  {
   "__unsaved": 1,
   "fieldname": "card_0_image",
   "fieldtype": "Attach Image",
   "label": "Image",
   "reqd": 0
  },
  {
   "__unsaved": 1,
   "fieldname": "card_0_image_hover",
   "fieldtype": "Attach Image",
   "label": "Image Hover",
   "reqd": 0
  },
  {
   "__unsaved": 1,
   "fieldname": "card_0_description",
   "fieldtype": "Data",
   "label": "Description",
   "reqd": 0
  }
 ],
 "idx": 0,
 "modified": "2022-09-10 02:01:16.004920",
 "modified_by": "Administrator",
 "module": "Dcode",
 "name": "DCode Content Box 1",
 "owner": "Administrator",
 "standard": 1,
 "template": "",
 "type": "Component"
}