{
 "__unsaved": 1,
 "creation": "2022-09-09 20:11:58.331230",
 "docstatus": 0,
 "doctype": "Web Template",
 "fields": [
  {
   "__unsaved": 1,
   "fieldname": "title",
   "fieldtype": "Data",
   "label": "Title",
   "reqd": 0
  },
  {
   "__unsaved": 1,
   "fieldname": "description",
   "fieldtype": "Data",
   "label": "Description",
   "reqd": 0
  },
  {
   "__unsaved": 1,
   "fieldname": "image_1",
   "fieldtype": "Attach Image",
   "label": "Image",
   "reqd": 0
  },
  {
   "__unsaved": 1,
   "fieldname": "title_1",
   "fieldtype": "Data",
   "label": "Title",
   "reqd": 0
  },
  {
   "__unsaved": 1,
   "fieldname": "image_2",
   "fieldtype": "Attach Image",
   "label": "Image",
   "reqd": 0
  },
  {
   "__unsaved": 1,
   "fieldname": "title_2",
   "fieldtype": "Data",
   "label": "Title",
   "reqd": 0
  },
  {
   "__unsaved": 1,
   "fieldname": "image_3",
   "fieldtype": "Attach Image",
   "label": "Image",
   "reqd": 0
  },
  {
   "__unsaved": 1,
   "fieldname": "title_3",
   "fieldtype": "Data",
   "label": "Title",
   "reqd": 0
  },
  {
   "__unsaved": 1,
   "fieldname": "image_4",
   "fieldtype": "Attach Image",
   "label": "Image",
   "reqd": 0
  },
  {
   "__unsaved": 1,
   "fieldname": "title_4",
   "fieldtype": "Data",
   "label": "Title",
   "reqd": 0
  },
  {
   "__unsaved": 1,
   "fieldname": "image_5",
   "fieldtype": "Attach Image",
   "label": "Image",
   "reqd": 0
  },
  {
   "__unsaved": 1,
   "fieldname": "title_5",
   "fieldtype": "Data",
   "label": "Title",
   "reqd": 0
  },
  {
   "__unsaved": 1,
   "fieldname": "image_6",
   "fieldtype": "Attach Image",
   "label": "Image",
   "reqd": 0
  },
  {
   "__unsaved": 1,
   "fieldname": "title_6",
   "fieldtype": "Data",
   "label": "Title",
   "reqd": 0
  }
 ],
 "idx": 0,
 "modified": "2022-09-10 02:08:28.711748",
 "modified_by": "Administrator",
 "module": "Dcode",
 "name": "DCode Module Section 1",
 "owner": "Administrator",
 "standard": 1,
 "template": "",
 "type": "Component"
}